{"title":"Los pingüinos molan","markdown":{"yaml":{"title":"Los pingüinos molan","date":"2022-11-24","date-format":"short","format":{"revealjs":{"scrollable":true,"slide-level":2,"height":900,"width":1600,"toc":false,"center-title-slide":true,"title-slide-attributes":{"data-background-color":"#562457"},"preview-links":"auto","link-external-newwindow":true,"transition":"fade","fontcolor":"#262d36","highlight-style":"a11y","code-line-numbers":true,"number-sections":false,"slide-number":"c/t","incremental":false}},"footer":"Slides hechas con [Quarto](https://quarto.org/)\n"},"headingText":"Intro","containsRefs":false,"markdown":"\n\n\n\n\nVamos a utilizar datos del paquete `palmerpenguins`. El repo del paquete en CRAN está [aquí](https://cran.r-project.org/web/packages/palmerpenguins/index.html), el repo de Github está [aquí](https://github.com/allisonhorst/palmerpenguins) y la página web del paquete está [aquí](https://allisonhorst.github.io/palmerpenguins/).\n\nLos datos se pueden cargar en la memoria de de R/RStudio de esta forma:\n\n```{r}\n# install.packages(\"palmerpenguins\")\nlibrary(palmerpenguins)\ndf <- palmerpenguins::penguins\n```\n\n\nEl dataset contiene observaciones sobre un conjunto de `r nrow(df)` pingüinos de 3 especies. Hay  `r ncol(df)` variables.\n\n---\n\n## Los pingüinos molan\n\nVamos a ver una foto de un pingüinos\n\n```{r}\n#| echo: false\nmy_url <- \"https://upload.wikimedia.org/wikipedia/commons/a/a9/Ping%C3%BCinos.JPG?20090406212143\"\n```\n\n\n![Un pingüino chulo](https://upload.wikimedia.org/wikipedia/commons/a/a9/Ping%C3%BCinos.JPG?20090406212143)\n\n\n\n---\n\n## Algunos gráficos\n\n\nBueno pues vamos a hacer algún gráfico, pero claro antes he de cargar los paquetes\n\n```{r}\n#| eval: true\nlibrary(tidyverse)\n```\n\n\nArreglo los datos\n\n```{r}\n#- cojos datos de pingüinos y arreglo un poco \ndf <- palmerpenguins::penguins %>% \n  dplyr::select(species, bill_depth_mm, body_mass_g) %>% \n  tidyr::drop_na()\n```\n\n---\n\n### Primer gráfico\n\n\n```{r}\n#- primer gráfico\np <- ggplot(data = df, \n       mapping = aes(x = bill_depth_mm, y = body_mass_g, color = species)) +\n     geom_point()\np\n```\n\n---\n\n### Segundo\n\n```{r}\n#- segundo gráfico\np <- p + geom_smooth(method = \"lm\", se = FALSE) \n\np\n```\n\n---\n\n### El último\n\n```{r}\n#- tercer gráfico\np + geom_smooth(method = \"lm\", se = FALSE, color = \"black\") \n```\n\n<br>\n\nCon esto acabo mi trabajo para BigData!!\n\n<br>\n\n---\n\nAbajo muestro mi entorno de trabajo y paquetes utilizados\n\n```{r}\n#| echo: false\nsessioninfo::session_info() %>% \n  details::details(summary = 'current session info') \n```\n\n","srcMarkdownNoYaml":"\n\n\n\n## Intro \n\nVamos a utilizar datos del paquete `palmerpenguins`. El repo del paquete en CRAN está [aquí](https://cran.r-project.org/web/packages/palmerpenguins/index.html), el repo de Github está [aquí](https://github.com/allisonhorst/palmerpenguins) y la página web del paquete está [aquí](https://allisonhorst.github.io/palmerpenguins/).\n\nLos datos se pueden cargar en la memoria de de R/RStudio de esta forma:\n\n```{r}\n# install.packages(\"palmerpenguins\")\nlibrary(palmerpenguins)\ndf <- palmerpenguins::penguins\n```\n\n\nEl dataset contiene observaciones sobre un conjunto de `r nrow(df)` pingüinos de 3 especies. Hay  `r ncol(df)` variables.\n\n---\n\n## Los pingüinos molan\n\nVamos a ver una foto de un pingüinos\n\n```{r}\n#| echo: false\nmy_url <- \"https://upload.wikimedia.org/wikipedia/commons/a/a9/Ping%C3%BCinos.JPG?20090406212143\"\n```\n\n\n![Un pingüino chulo](https://upload.wikimedia.org/wikipedia/commons/a/a9/Ping%C3%BCinos.JPG?20090406212143)\n\n\n\n---\n\n## Algunos gráficos\n\n\nBueno pues vamos a hacer algún gráfico, pero claro antes he de cargar los paquetes\n\n```{r}\n#| eval: true\nlibrary(tidyverse)\n```\n\n\nArreglo los datos\n\n```{r}\n#- cojos datos de pingüinos y arreglo un poco \ndf <- palmerpenguins::penguins %>% \n  dplyr::select(species, bill_depth_mm, body_mass_g) %>% \n  tidyr::drop_na()\n```\n\n---\n\n### Primer gráfico\n\n\n```{r}\n#- primer gráfico\np <- ggplot(data = df, \n       mapping = aes(x = bill_depth_mm, y = body_mass_g, color = species)) +\n     geom_point()\np\n```\n\n---\n\n### Segundo\n\n```{r}\n#- segundo gráfico\np <- p + geom_smooth(method = \"lm\", se = FALSE) \n\np\n```\n\n---\n\n### El último\n\n```{r}\n#- tercer gráfico\np + geom_smooth(method = \"lm\", se = FALSE, color = \"black\") \n```\n\n<br>\n\nCon esto acabo mi trabajo para BigData!!\n\n<br>\n\n---\n\nAbajo muestro mi entorno de trabajo y paquetes utilizados\n\n```{r}\n#| echo: false\nsessioninfo::session_info() %>% \n  details::details(summary = 'current session info') \n```\n\n"},"formats":{"revealjs":{"identifier":{"display-name":"RevealJS","target-format":"revealjs","base-format":"revealjs"},"execute":{"fig-width":10,"fig-height":5,"fig-format":"retina","fig-dpi":96,"df-print":"default","error":false,"eval":true,"cache":null,"freeze":false,"echo":true,"output":true,"warning":false,"include":true,"keep-md":false,"keep-ipynb":false,"ipynb":null,"enabled":null,"daemon":null,"daemon-restart":false,"debug":false,"ipynb-filters":[],"message":false,"engine":"knitr"},"render":{"keep-tex":false,"keep-source":false,"keep-hidden":false,"prefer-html":false,"output-divs":true,"output-ext":"html","fig-align":"default","fig-pos":null,"fig-env":null,"code-fold":"none","code-overflow":"scroll","code-link":false,"code-line-numbers":true,"code-tools":false,"tbl-colwidths":"auto","merge-includes":true,"inline-includes":false,"preserve-yaml":false,"latex-auto-mk":true,"latex-auto-install":true,"latex-clean":true,"latex-max-runs":10,"latex-makeindex":"makeindex","latex-makeindex-opts":[],"latex-tlmgr-opts":[],"latex-input-paths":[],"latex-output-dir":null,"link-external-icon":false,"link-external-newwindow":true,"self-contained-math":false,"format-resources":[]},"pandoc":{"standalone":true,"wrap":"none","default-image-extension":"png","html-math-method":{"method":"mathjax","url":"https://cdnjs.cloudflare.com/ajax/libs/mathjax/2.7.0/MathJax.js?config=TeX-AMS_HTML-full"},"slide-level":2,"to":"revealjs","toc":false,"highlight-style":"a11y","number-sections":false,"incremental":false,"output-file":"my_slides_BigData.html"},"language":{"toc-title-document":"Tabla de contenidos","toc-title-website":"En esta página","related-formats-title":"Otros formatos","related-notebooks-title":"Notebooks","source-notebooks-prefix":"Fuente","section-title-abstract":"Resumen","section-title-appendices":"Apéndices","section-title-footnotes":"Notas","section-title-references":"Referencias","section-title-reuse":"Reutilización","section-title-copyright":"Derechos de autor","section-title-citation":"Cómo citar","appendix-attribution-cite-as":"Por favor, cita este trabajo como:","appendix-attribution-bibtex":"BibTeX","title-block-author-single":"Autor/a","title-block-author-plural":"Autores/as","title-block-affiliation-single":"Afiliación","title-block-affiliation-plural":"Afiliaciones","title-block-published":"Fecha de publicación","title-block-modified":"Fecha de modificación","callout-tip-title":"Tip","callout-note-title":"Nota","callout-warning-title":"Advertencia","callout-important-title":"Importante","callout-caution-title":"Precaución","code-summary":"Código","code-tools-menu-caption":"Código","code-tools-show-all-code":"Mostrar todo el código","code-tools-hide-all-code":"Ocultar todo el código","code-tools-view-source":"Ver el código fuente","code-tools-source-code":"Ejecutar el código","code-line":"Línea","code-lines":"Líneas","copy-button-tooltip":"Copiar al portapapeles","copy-button-tooltip-success":"Copiado","repo-action-links-edit":"Editar esta página","repo-action-links-source":"Ver el código","repo-action-links-issue":"Informar de un problema","back-to-top":"Volver arriba","search-no-results-text":"Sin resultados","search-matching-documents-text":"documentos encontrados","search-copy-link-title":"Copiar el enlace en la búsqueda","search-hide-matches-text":"Ocultar resultados adicionales","search-more-match-text":"resultado adicional en este documento","search-more-matches-text":"resultados adicionales en este documento","search-clear-button-title":"Borrar","search-detached-cancel-button-title":"Cancelar","search-submit-button-title":"Enviar","search-label":"Buscar","toggle-section":"Alternar sección","toggle-sidebar":"Alternar barra lateral","toggle-dark-mode":"Alternar modo oscuro","toggle-reader-mode":"Alternar modo lector","toggle-navigation":"Navegación de palanca","crossref-fig-title":"Figura","crossref-tbl-title":"Tabla","crossref-lst-title":"Listado","crossref-thm-title":"Teorema","crossref-lem-title":"Lema","crossref-cor-title":"Corolario","crossref-prp-title":"Proposición","crossref-cnj-title":"Conjetura","crossref-def-title":"Definición","crossref-exm-title":"Ejemplo","crossref-exr-title":"Ejercicio","crossref-ch-prefix":"Capítulo","crossref-apx-prefix":"Apéndice","crossref-sec-prefix":"Sección","crossref-eq-prefix":"Ecuación","crossref-lof-title":"Listado de Figuras","crossref-lot-title":"Listado de Tablas","crossref-lol-title":"Listado de Listados","environment-proof-title":"Prueba","environment-remark-title":"Observación","environment-solution-title":"Solución","listing-page-order-by":"Ordenar por","listing-page-order-by-default":"Por defecto","listing-page-order-by-date-asc":"Menos reciente","listing-page-order-by-date-desc":"Más reciente","listing-page-order-by-number-desc":"De mayor a menor","listing-page-order-by-number-asc":"De menor a mayor","listing-page-field-date":"Fecha","listing-page-field-title":"Título","listing-page-field-description":"Descripción","listing-page-field-author":"Autor/a","listing-page-field-filename":"Nombre de archivo","listing-page-field-filemodified":"Fecha de modificación","listing-page-field-subtitle":"Subtítulo","listing-page-field-readingtime":"Tiempo de lectura","listing-page-field-categories":"Categorías","listing-page-minutes-compact":"{0} minutos","listing-page-category-all":"Todas","listing-page-no-matches":"No hay resultados"},"metadata":{"lang":"es","fig-responsive":false,"quarto-version":"1.3.361","auto-stretch":true,"license":"CC BY","title":"Los pingüinos molan","date":"2022-11-24","date-format":"short","footer":"Slides hechas con [Quarto](https://quarto.org/)\n","scrollable":true,"height":900,"width":1600,"center-title-slide":true,"title-slide-attributes":{"data-background-color":"#562457"},"previewLinks":"auto","transition":"fade","fontcolor":"#262d36","slideNumber":"c/t"}}},"projectFormats":["html"]}